{"cameraMode":{"drawMode":0,"name":"Shaded","section":"Shading Mode"},"sceneLighting":false,"audioPlay":false,"sceneViewState":{"m_AlwaysRefresh":false,"showFog":false,"showSkybox":false,"showFlares":false,"showImageEffects":false,"showParticleSystems":false,"showVisualEffectGraphs":true,"m_FxEnabled":false},"in2DMode":false,"pivot":{"x":4.484489440917969,"y":-97.07444763183594,"z":-115.55465698242188},"rotation":{"x":0.30699393153190615,"y":0.0019689660985022785,"z":-0.0006377682439051569,"w":0.9518306851387024},"size":228.00653076171876,"orthographic":false}